ID,date,meals_served,kitchen_staff,temperature_C,humidity_percent,day_of_week,special_event,past_waste_kg,staff_experience,waste_category,food_waste_kg
0,2022-12-19,196,13,27.89,45.36,0,0,7.74,intermediate,dairy,28.95
1,2023-11-21,244,15,10.32,64.43,1,0,42.31,nan,meat,51.55
4,2022-02-01,148,16,27.71,69.05,1,0,41.18,Beginner,meat,53.01
5,2023-03-19,157,19,19.17,46.29,6,0,41.54,Beginner,meat,48.62
6,2022-07-18,297,10,26.38,79.74,0,0,26.53,Intermediate,meat,44.16
7,2023-03-02,241,18,16.86,79.29,3,0,11.83,Intermediate,dairy,27.39
8,2022-04-18,443,16,19.89,77.33,0,0,22.86,Beginner,vegetables,52.17
9,2023-12-16,416,16,18.56,75.79,5,1,34.6,Intermediate,meat,72.05
10,2023-07-07,439,18,24.11,43.4,4,0,17.46,EXPERT,dairy,44.28
11,2023-11-07,267,7,25.41,89.41,1,0,23.07,EXPERT,grains,33.23
12,2022-06-08,487,15,20.97,53.39,2,0,41.08,EXPERT,meat,61.21
13,2023-04-21,418,13,19.56,82.53,4,0,25.04,intermediate,vegetables,44.94
15,2022-01-25,376,19,-10.37,54.5,1,0,36.26,EXPERT,meat,50.57
16,2023-09-10,372,5,30.22,63.65,6,0,49.64,intermediate,grains,60.8
17,2023-04-29,378,12,12.32,68.06,5,0,41.15,nan,meat,51.06
18,2024-06-03,265,12,15.69,63.33,0,0,26.92,Beginner,meat,38.22
19,2023-10-13,1560,8,23.74,48.6,4,0,11.26,EXPERT,dairy,127.44
20,2022-09-02,283,8,18.92,36.08,4,1,7.66,Beginner,dairy,31.32
21,2024-04-27,138,17,31.12,67.68,5,0,21.02,Intermediate,vegetables,29.54
22,2024-09-09,253,17,12.77,42.37,0,0,6.58,nan,dairy,18.67
23,2024-04-08,152,8,32.73,48.53,0,0,27.16,EXPERT,grains,31.26
24,2023-07-25,1110,11,15.52,58.4,1,0,38.88,Beginner,vegetables,201.33
25,2022-03-01,439,18,13.28,56.99,1,0,22.96,Intermediate,dairy,50.48
26,2022-10-18,353,11,10.44,70.64,1,1,17.27,EXPERT,meat,45.98
27,2022-03-12,489,8,18.02,73.81,5,0,36.52,EXPERT,meat,60.2
28,2022-12-11,464,11,12.72,58.59,6,0,23.7,Intermediate,vegetables,45.69
29,2022-07-04,430,18,20.4,74.99,0,0,13.97,EXPERT,grains,40.63
30,2022-05-22,354,15,24.87,56.31,6,0,28.56,intermediate,meat,43.08
31,2023-01-26,153,15,12.81,48.37,3,0,18.21,EXPERT,meat,27.05
32,2023-05-07,338,8,12.94,68.07,6,0,43.69,Intermediate,grains,52.32
33,2024-04-06,358,18,11.25,62.44,5,0,43.56,EXPERT,grains,46.62
34,2022-04-12,114,8,24.76,38.25,1,0,25.34,nan,meat,23.02
35,2024-01-20,100,15,28.91,30.61,5,0,15.81,Beginner,meat,20.36
36,2023-07-06,259,5,19.66,74.34,3,0,11.18,intermediate,grains,35.73
37,2022-11-03,174,15,17.95,73.85,3,0,49.73,Intermediate,vegetables,43.2
38,2024-09-13,470,9,26.29,84.92,4,0,29.18,intermediate,dairy,57.93
39,2022-11-18,262,13,19.39,58.01,4,0,34.52,intermediate,dairy,44.55
40,2024-03-10,218,8,22.4,31.85,6,0,34.78,Beginner,dairy,31.83
41,2024-01-01,272,11,16.95,32.86,0,0,30.91,nan,meat,39.5
42,2023-11-09,492,9,11.09,59.68,3,0,14.92,Intermediate,grains,45.21
43,2023-10-16,280,18,20.61,76.88,0,1,14.55,Beginner,grains,53.6
44,2022-03-18,317,16,24.07,50.42,4,0,46.58,Beginner,dairy,55.91
45,2022-07-12,382,12,24.7,36.94,1,0,5.66,Intermediate,vegetables,27.95
46,2022-03-28,289,7,29.92,69.53,0,0,29.77,Intermediate,meat,40.27
47,2023-04-04,361,11,19.07,63.9,1,0,29.57,Intermediate,meat,38.67
48,2022-02-18,266,9,14.4,72.46,4,0,39.72,intermediate,meat,39.66
49,2024-07-07,487,6,24,56.95,6,0,25.59,nan,grains,44.27
50,2022-01-04,206,11,15.74,74.28,1,0,22.28,Beginner,meat,32.44
51,2022-11-06,439,8,28.81,72.65,6,1,30.73,EXPERT,meat,63.61
52,2024-01-14,119,19,31,65.43,6,0,41.55,intermediate,dairy,39.24
53,2024-05-23,351,17,17.72,66.07,3,0,7.58,intermediate,dairy,25.96
54,2023-02-03,441,5,19.02,70.9,4,0,41.72,intermediate,meat,62.71
55,2023-09-09,385,15,33.57,57.52,5,0,8.09,nan,meat,31.26
56,2022-02-19,373,10,21.71,88.37,5,0,34.34,nan,dairy,53.95
57,2022-07-19,236,5,34.8,89.48,1,0,5.95,EXPERT,vegetables,21.23
58,2023-08-22,326,6,19.29,33.64,1,0,29.07,Intermediate,grains,40.21
59,2024-08-27,352,15,34.49,49.98,1,0,14.91,EXPERT,meat,37.26
60,2024-06-01,407,14,23.63,62.87,5,1,13.27,intermediate,grains,50.64
62,2023-05-13,188,19,22.74,54.95,5,0,35.45,nan,vegetables,42.65
63,2023-08-27,251,11,13.73,43.82,6,0,17.58,Beginner,dairy,29.2
64,2022-01-11,430,16,12.1,48.9,1,0,8.65,Beginner,meat,34.96
65,2024-06-07,205,10,23.72,61.18,4,0,17.58,Intermediate,meat,22.88
66,2023-11-02,352,12,21.86,54.17,3,0,42.34,Intermediate,vegetables,52.87
67,2024-07-26,121,15,16.91,69.9,4,0,16.29,Intermediate,meat,21.77
68,2024-07-17,259,13,21.29,53.14,2,0,49.15,Intermediate,grains,53.35
69,2023-07-12,479,13,25.49,62.9,2,0,19.02,intermediate,grains,47.85
70,2023-09-29,483,11,28.66,40.57,4,0,35.33,EXPERT,dairy,56.61
73,2024-04-14,177,9,19.97,43.6,6,0,28.21,Intermediate,vegetables,36.37
74,2023-08-06,189,9,19.68,73.54,6,0,38.72,Intermediate,meat,41.62
75,2022-11-30,294,9,10.37,56.47,2,0,23.56,Beginner,meat,28.11
77,2022-07-30,195,18,19.32,79,5,0,38.4,Intermediate,dairy,47.47
78,2022-01-20,357,13,10.48,81.98,3,0,26.44,nan,vegetables,45.21
79,2023-04-03,295,11,19.46,37.8,0,0,26.85,EXPERT,meat,38.94
80,2022-03-30,312,13,32.8,43.21,2,0,19.31,Intermediate,meat,27.26
81,2024-05-29,385,14,20.45,57.01,2,0,10.58,intermediate,meat,28.11
82,2022-12-17,376,13,23.74,44.42,5,0,10.79,nan,grains,25.89
83,2022-08-07,485,10,24.49,65.42,6,0,13.74,EXPERT,meat,42.17
84,2023-02-18,454,18,31.73,65,5,0,46.03,nan,meat,64.69
85,2022-10-05,250,8,13.59,88.24,2,0,34.14,intermediate,vegetables,43.95
86,2024-08-17,418,17,31.42,51.36,5,0,16.93,nan,meat,37.23
88,2022-08-02,212,12,11.73,81.11,1,0,22.33,EXPERT,meat,32.89
91,2023-12-05,445,19,18,55.88,1,0,41.91,Beginner,meat,55.89
92,2022-05-17,200,19,11.03,32.97,1,0,44.54,intermediate,meat,48.46
93,2022-07-28,473,11,25.05,42.96,3,0,5.56,nan,meat,39.05
94,2023-06-07,440,7,24.33,71.28,2,0,33.33,intermediate,dairy,50.21
97,2023-07-23,384,17,15.72,86.24,6,0,17.66,EXPERT,dairy,42.93
98,2022-09-18,425,8,12.21,54.85,6,0,49.48,Beginner,vegetables,50.26
99,2023-04-13,368,7,14.26,36.96,3,0,7.42,intermediate,meat,11.18
101,2022-01-31,444,5,29.27,83.93,0,0,16.55,intermediate,meat,37.42
102,2023-11-29,374,19,15.53,75.11,2,0,25.26,intermediate,dairy,50.81
103,2023-03-28,363,14,24.82,58.02,1,0,40.46,Intermediate,vegetables,47.26
104,2022-02-24,341,8,30.65,67.28,3,0,7.16,intermediate,meat,35.82
105,2022-01-24,291,8,14.49,75.79,0,1,31.65,Intermediate,grains,53.91
106,2022-01-08,202,10,28.73,31.87,5,0,22.55,Intermediate,meat,35.97
107,2022-04-24,491,9,32.7,88.25,6,0,13.12,Beginner,meat,38.18
108,2022-04-20,235,5,28.05,70.59,2,0,23.67,Intermediate,dairy,37.03
109,2023-05-22,448,7,19.78,53.68,0,1,47.02,Beginner,dairy,61.5
110,2024-08-24,107,12,28.13,65.83,5,0,12.41,Beginner,meat,18.32
111,2024-08-07,172,10,14.22,43.75,2,0,49.7,intermediate,meat,39.18
112,2022-01-04,206,11,15.72,74.28,1,0,22.28,Beginner,meat,32.44
113,2022-10-03,228,7,13.14,39.1,0,0,24.67,Beginner,grains,27.86
114,2023-10-19,497,15,32.47,81.31,3,0,27.61,Beginner,meat,56.47
115,2024-02-24,134,6,-10,37.8,5,0,49.36,Beginner,meat,36.16
116,2024-05-04,405,19,18.65,54.7,5,0,11.32,intermediate,dairy,29.13
118,2024-03-07,350,15,17.49,37.51,3,0,25.89,nan,vegetables,33.25
119,2022-01-29,352,12,33.68,78.44,5,0,10.38,Intermediate,grains,42.44
120,2023-01-30,273,6,24.84,71.87,0,0,36.82,Intermediate,vegetables,37.97
121,2023-05-02,495,12,31.62,59.91,1,0,8.69,intermediate,grains,39.03
122,2023-09-07,454,16,12.55,62.81,3,0,5.82,Beginner,meat,28.61
123,2024-05-27,197,6,10.55,84.88,0,0,45.43,Beginner,dairy,43.79
124,2022-06-24,269,16,23.56,45.4,4,0,6.08,Beginner,grains,22.43
125,2024-07-06,107,9,33.67,37.02,5,0,17.66,Beginner,meat,20.9
126,2022-02-28,485,18,15.75,68.11,0,0,17.23,nan,dairy,39.33
127,2022-09-23,445,9,22,37.8,4,0,10.16,Beginner,meat,32.13
129,2024-02-29,355,18,28.39,88.35,3,0,6.85,EXPERT,meat,30.25
131,2022-04-11,256,10,18.15,57.87,0,0,44.27,nan,meat,53.02
132,2022-02-16,120,13,16.51,87.97,2,0,18.41,intermediate,grains,21.21
133,2022-10-27,307,18,33.52,42.44,3,1,25.68,nan,meat,42.64
134,2023-09-08,460,10,26.47,40.82,4,0,45.69,Intermediate,dairy,52.14
135,2022-06-28,383,9,15.51,35.54,1,0,25.67,Intermediate,meat,36.53
136,2024-07-22,104,19,14.67,73.54,0,0,22.23,EXPERT,grains,31.22
138,2022-05-20,104,5,13.11,47.09,4,0,21.72,nan,dairy,24.46
139,2024-03-14,245,17,28.68,69.91,3,0,26.81,Intermediate,grains,35.35
140,2022-06-18,426,17,20.84,81.77,5,0,44.32,Beginner,meat,60.15
141,2022-03-08,149,7,34.11,47.03,1,0,45.21,Beginner,vegetables,39.13
143,2022-03-09,459,19,29,79.47,2,0,8.36,Intermediate,grains,41.91
144,2022-01-28,121,19,29.08,43.97,4,0,35,Beginner,dairy,34.04
145,2022-01-13,472,5,24,70.9,3,1,48.96,EXPERT,meat,74.22
146,2023-06-16,109,13,17.94,84.36,4,0,16.5,intermediate,vegetables,29.95
147,2022-11-16,2930,19,17.93,33.46,2,1,20.74,intermediate,meat,246.36
148,2024-09-11,286,17,34.7,50.02,2,0,41.09,intermediate,dairy,36
149,2024-05-16,328,12,25.61,52.89,3,0,9.17,EXPERT,vegetables,21.51
150,2023-07-31,134,14,20.12,61.84,0,0,18.85,nan,meat,33.68
152,2022-10-14,468,12,16.38,79.61,4,0,32.55,nan,grains,55.88
153,2024-06-30,250,17,28.85,70.32,6,0,33.06,intermediate,meat,41.6
154,2022-11-20,268,7,26.23,88.18,6,0,19.18,Beginner,meat,41.54
155,2024-06-09,180,11,15.65,66.33,6,0,37.76,Intermediate,meat,39.13
156,2023-06-21,279,8,21.96,53.86,2,0,6.5,EXPERT,meat,17.85
157,2023-11-24,400,5,17.92,84.13,4,0,26.5,EXPERT,vegetables,39.9
159,2023-06-13,456,9,13.48,31.89,1,0,46.02,nan,vegetables,58.5
161,2023-08-09,490,14,13.35,80.83,2,0,15.47,intermediate,meat,40.94
162,2022-01-03,370,14,30.5,64.63,0,0,41.55,Beginner,vegetables,61.38
163,2023-03-22,279,12,21.06,41.34,2,0,19.57,EXPERT,grains,40.35
165,2023-05-11,217,9,18.66,41.16,3,0,13.75,Beginner,vegetables,19.26
168,2023-07-02,435,11,10.01,40.9,6,0,41.79,intermediate,meat,49.07
169,2024-05-08,488,18,15.92,66.33,2,0,42.64,EXPERT,vegetables,62.42
170,2023-06-14,122,10,32.46,74.17,2,0,14.97,nan,vegetables,23.33
171,2022-12-13,363,12,23.17,33.57,1,0,15.92,nan,dairy,35.18
173,2023-08-07,214,13,34.1,67.18,0,1,46.3,Beginner,vegetables,60.76
174,2023-08-17,348,13,30.86,78.59,3,0,41.68,nan,meat,50.08
176,2022-11-05,203,16,34.83,81.15,5,0,37.86,nan,vegetables,44.9
179,2022-08-20,323,11,32.09,60.7,5,0,45.62,EXPERT,dairy,56.33
180,2023-09-22,495,5,21.27,59.89,4,0,38.18,nan,dairy,50.39
181,2023-08-25,135,13,22.48,85.84,4,0,19.43,nan,meat,25.41
182,2023-10-25,320,13,16.39,78.29,2,0,44.53,nan,dairy,47.18
183,2022-01-10,314,18,14.67,36.38,0,0,11.21,Beginner,meat,29.96
184,2024-07-04,473,8,14.04,30.12,3,0,20.18,Intermediate,dairy,43.04
185,2022-11-11,252,12,29.13,51.21,4,0,18.63,Beginner,grains,31.51
186,2022-04-17,108,5,27.01,56.71,6,0,25.58,nan,meat,21.39
188,2022-02-25,364,18,17.46,63.55,4,0,18.3,intermediate,vegetables,29.33
189,2022-05-01,127,7,22.06,83.49,6,0,35.4,Intermediate,dairy,36.07
190,2023-01-06,479,6,24.52,42.04,4,0,12.41,nan,dairy,38.44
191,2022-01-26,260,10,29.72,75.55,2,0,21.41,nan,vegetables,29.9
192,2022-03-14,205,19,28.65,33.87,0,0,20.18,EXPERT,grains,38.08
193,2022-01-21,443,17,21.03,42.93,4,0,19.32,nan,dairy,39.76
194,2022-02-14,406,10,19.3,55.29,0,0,28.56,EXPERT,meat,44.62
195,2022-10-24,198,14,29.89,89.98,0,0,48.07,EXPERT,vegetables,55.7
196,2022-11-25,376,10,19.51,59.52,4,0,26.29,nan,meat,45.77
197,2022-09-05,393,14,27.63,80.5,0,0,7.11,nan,meat,43.23
198,2022-12-03,275,18,26.06,51.74,5,0,10.87,Beginner,meat,27.32
200,2022-12-28,148,8,14.93,61.63,2,0,10.48,intermediate,meat,33.34
201,2022-01-02,448,16,10.09,56.13,6,0,29.89,intermediate,grains,53.2
202,2024-08-18,147,18,12.94,30.95,6,1,12.64,nan,grains,38.05
204,2023-01-17,290,11,17.38,78.55,1,0,39.77,nan,meat,42.27
205,2023-11-26,391,13,16.46,88.46,6,0,39.56,Intermediate,grains,47.67
206,2023-06-24,349,16,12,46.04,5,0,7.84,EXPERT,grains,35.79
208,2023-09-15,3160,14,29.53,38.22,4,1,24.27,Intermediate,meat,238.89
209,2022-07-29,259,6,25.81,58,4,0,11.43,Intermediate,grains,20.95
210,2023-07-09,495,12,15.29,64.24,6,0,46.89,nan,meat,60.22
211,2022-01-13,472,5,23.54,70.9,3,1,48.96,EXPERT,meat,74.22
212,2023-04-27,216,16,16.09,46.14,3,0,18.02,nan,grains,38.76
213,2023-03-09,314,19,18.53,47.4,3,0,37.68,EXPERT,dairy,47.78
214,2023-09-19,118,12,21.25,69.55,1,0,24.74,nan,dairy,22.85
215,2022-03-02,191,19,31.7,43.11,2,0,31.94,Beginner,grains,38.56
216,2023-09-14,467,7,16.33,70.46,3,0,13.32,Beginner,grains,41.05
217,2024-01-26,111,12,26.08,73.9,4,0,18.57,Intermediate,vegetables,17.16
218,2022-04-03,466,12,10.03,31.96,6,0,26,intermediate,grains,50.5
219,2024-06-20,361,6,29.67,55.82,3,0,45.2,Beginner,dairy,53.18
220,2023-04-08,146,17,24.51,86.58,5,0,17.32,Beginner,vegetables,30.28
221,2023-10-29,338,5,21.96,60.88,6,0,31.65,Intermediate,meat,35.14
222,2024-09-03,113,12,15.24,60.82,1,0,43.73,Beginner,grains,30.17
223,2023-04-23,191,9,34.35,46.71,6,1,35.72,EXPERT,grains,55.45
224,2022-11-29,234,18,21.11,63.76,1,0,38.51,nan,grains,53.39
226,2023-12-02,266,12,23.95,38.89,5,0,42.17,Intermediate,meat,49.85
227,2023-04-10,410,5,34.04,52.64,0,0,9.39,intermediate,dairy,27.07
228,2022-12-22,416,13,20.77,43.24,3,0,21.27,Beginner,grains,40.85
229,2022-12-29,116,13,21.98,67.95,3,0,31.46,EXPERT,grains,34.64
230,2022-11-09,211,12,12.73,65.58,2,0,23.41,intermediate,dairy,21.99
231,2022-11-15,437,16,31.95,62.96,1,0,47.24,Beginner,meat,64.25
233,2023-01-16,215,13,14.61,79.32,0,1,37.54,EXPERT,dairy,49.33
234,2022-07-02,439,18,14.35,54.25,5,0,13.86,nan,grains,31.35
235,2023-12-18,460,15,28.95,83.33,0,0,46.98,Intermediate,grains,65.15
236,2022-04-21,162,14,26.42,37.9,3,0,37.87,Beginner,vegetables,39.83
237,2023-06-15,349,18,30.73,49.81,3,0,7.53,EXPERT,meat,34.6
238,2023-01-13,194,7,13.08,34.14,4,0,8.03,nan,dairy,10.82
239,2023-12-15,247,13,13.77,54.06,4,0,48.55,intermediate,meat,50.45
240,2024-05-22,291,7,18.46,77.12,2,1,26.7,Beginner,grains,40.29
242,2024-01-02,416,18,14.85,73.6,1,0,43.41,EXPERT,grains,64.14
243,2022-10-20,136,14,30.77,79.84,3,0,21.75,Intermediate,meat,24.74
244,2023-03-13,285,16,32.64,73.24,0,0,19.1,Beginner,meat,42.92
245,2024-04-15,465,18,33.07,82.76,0,0,27.38,EXPERT,grains,54.1
246,2022-11-04,212,16,31.66,38.88,4,0,5.5,Intermediate,meat,22.75
247,2022-10-17,403,12,19.36,60.45,0,0,41.47,Beginner,vegetables,44.25
249,2022-08-04,1510,11,12.43,34.66,3,0,47.86,intermediate,grains,234.79
250,2023-09-23,332,15,32.06,54.4,5,0,29.17,nan,meat,34.68
251,2022-10-08,362,15,14.06,58.67,5,0,35.93,EXPERT,dairy,48.04
252,2023-11-05,273,11,33.01,84.08,6,0,34.85,EXPERT,meat,50.76
253,2023-03-27,200,14,16.78,65,0,0,6.15,EXPERT,meat,22.09
254,2022-10-26,403,12,25.02,79.01,2,0,34.35,Beginner,meat,54.05
255,2024-02-25,352,11,30.63,63.61,6,0,40.61,EXPERT,dairy,51.05
256,2022-05-18,230,9,26.76,80,2,1,30.13,EXPERT,meat,39.16
257,2022-11-02,215,16,25.12,57.69,2,0,39.6,EXPERT,vegetables,47.74
258,2024-03-18,366,13,24.14,70.26,0,0,28.91,Intermediate,vegetables,49.18
260,2023-08-23,276,16,16.65,71.4,2,0,6.7,EXPERT,meat,25.76
261,2023-08-05,192,5,14.42,42.3,5,0,15.55,EXPERT,meat,26.55
262,2022-01-30,335,12,14.16,33.55,6,0,30.77,Intermediate,meat,40.6
263,2022-06-15,135,12,21.75,73.11,2,0,40.37,intermediate,dairy,40.61
265,2022-11-07,353,8,12.26,84.42,0,0,24.53,Intermediate,meat,43.94
267,2024-04-23,133,16,29.68,48.77,1,1,31.28,EXPERT,meat,45.62
268,2022-12-09,137,19,32.86,65.48,4,0,13.22,Intermediate,meat,21.12
269,2023-08-29,289,17,31.62,54.94,1,1,44.89,Intermediate,dairy,51.96
270,2023-06-11,353,8,17.84,72.56,6,0,31.22,EXPERT,vegetables,39.05
271,2022-03-07,180,7,31.43,64.03,0,0,11.11,Intermediate,meat,26.92
272,2023-09-24,175,11,12.64,87.18,6,0,42.8,Intermediate,dairy,41.76
273,2024-06-10,232,5,31.17,61.01,0,0,41.59,Beginner,grains,40.68
276,2024-02-10,277,19,12.6,62.55,5,0,26.93,nan,dairy,44.95
277,2022-08-10,200,7,26.3,57.01,2,0,6.16,intermediate,meat,15.03
278,2022-08-24,229,10,26.73,75.71,2,0,31.51,Intermediate,dairy,45.31
279,2023-03-06,453,5,-10,57.79,0,1,48.43,Intermediate,vegetables,71.75
281,2023-03-17,249,10,24.89,79.43,4,0,28.55,Beginner,meat,32.19
282,2023-08-12,213,9,24.55,88.9,5,0,33.11,Intermediate,vegetables,45.5
283,2024-08-30,402,5,27.17,59.61,4,1,38.83,Beginner,meat,65.85
284,2022-09-07,424,15,31.61,63.58,2,0,9.1,intermediate,grains,33.8
285,2023-08-02,436,13,18.86,68.68,2,0,8.29,nan,meat,44.12
286,2023-02-14,1380,5,13.74,47.55,1,0,6.11,intermediate,grains,69.86
287,2022-03-13,153,12,28.11,65.93,6,0,39.67,Beginner,grains,39.67
288,2022-04-05,379,7,25.18,33.88,1,1,12.47,nan,grains,34
290,2023-10-07,495,14,34.79,53.71,5,0,6.92,Intermediate,grains,32.73
291,2022-09-17,286,12,14.5,85.54,5,0,6,Intermediate,vegetables,22.56
292,2022-07-24,333,13,30.9,35.06,6,0,42.68,intermediate,dairy,45.64
293,2024-03-09,104,18,25.94,50.68,5,1,26.61,intermediate,meat,37.81
294,2023-09-13,183,8,33.26,83.86,2,0,29.19,intermediate,grains,36.35
295,2023-01-01,257,10,25.43,50,6,0,41.38,EXPERT,meat,35.53
297,2022-03-26,314,12,23.26,77.35,5,0,18.83,EXPERT,dairy,32.09
298,2024-09-21,393,9,12.18,59.97,5,0,23.11,Beginner,meat,43.74
299,2022-03-24,403,5,13.84,55.75,3,0,46.88,intermediate,vegetables,52.24
300,2023-06-10,388,16,21.98,80.3,5,0,48.99,Intermediate,meat,55.6
301,2023-03-16,224,18,26.13,82.92,3,0,5.31,Beginner,grains,18.67
302,2023-07-22,143,17,25.83,72.61,5,0,28.08,intermediate,meat,32.83
303,2023-07-15,200,10,14.27,62.82,5,0,5.07,Beginner,dairy,17.93
304,2023-06-27,356,14,24.86,81.43,1,0,25.31,EXPERT,meat,42.55
306,2022-11-28,491,5,23.64,61.35,0,1,19.88,nan,vegetables,50.23
307,2022-01-06,288,5,10.03,80.62,3,0,49.5,nan,meat,53.12
309,2022-04-15,444,5,13.74,40.23,4,0,32.63,Beginner,meat,43.88
310,2022-04-08,287,9,15.64,71.67,4,0,9.79,nan,meat,22.33
311,2024-04-12,2440,13,15.63,72.86,4,0,18.92,EXPERT,meat,175.51
312,2024-02-27,181,14,19.34,72.51,1,0,20.26,nan,vegetables,32.01
313,2023-03-01,499,17,13.54,57.24,2,0,11.81,Intermediate,meat,33.49
314,2024-07-23,191,12,12.35,67.03,1,0,37.36,nan,dairy,43.61
315,2022-10-09,351,9,14.71,61.94,6,0,48.27,Intermediate,vegetables,53.66
316,2022-09-24,246,17,27.15,80.13,5,0,27.07,Beginner,dairy,44.27
317,2023-06-19,199,16,26.66,82.66,0,0,12.54,nan,dairy,22.03
318,2023-03-30,159,18,15.77,86.43,3,0,17.03,intermediate,dairy,24.16
319,2022-12-26,134,7,26.37,31.83,0,0,17.4,Beginner,grains,28.52
320,2023-05-06,100,15,11.58,36.66,5,1,18.82,intermediate,meat,43.28
321,2024-09-18,462,10,23.14,82.42,2,0,43.02,nan,vegetables,62.4
322,2024-03-27,197,11,11.4,76.93,2,0,35,Beginner,vegetables,52.83
323,2022-04-29,330,17,24.27,46.14,4,0,18.38,Intermediate,meat,37.39
324,2023-09-27,305,10,11.2,57.54,2,0,49.72,Intermediate,meat,49.18
325,2022-09-08,471,14,23.95,36.32,3,0,17.87,intermediate,grains,29.24
327,2023-12-19,100,14,28.59,62.67,1,0,31.39,Beginner,dairy,38.5
328,2023-12-06,118,9,28.83,73.15,2,1,30.28,nan,dairy,37.28
329,2022-01-10,314,18,14.83,36.38,0,0,11.21,Beginner,meat,29.96
330,2024-05-09,321,17,28.31,44.83,3,0,36.7,intermediate,vegetables,49.19
331,2022-07-16,3580,7,24.94,74.46,5,0,23.68,Beginner,meat,181.14
332,2023-10-15,2080,5,11.72,57.49,6,0,26.73,Beginner,grains,140.09
333,2022-03-23,450,10,12.28,47.12,2,0,33.27,Intermediate,dairy,41.41
334,2023-03-24,425,11,26.74,72.9,4,1,11.44,EXPERT,vegetables,46.67
335,2023-06-18,424,9,30.63,73.49,6,0,12.72,intermediate,dairy,36.68
336,2023-10-31,108,17,18.06,45.23,1,1,13.74,EXPERT,vegetables,26.88
337,2022-08-28,259,9,60,52.73,6,0,49.28,Beginner,meat,44.96
338,2023-02-16,346,5,13.82,45.97,3,0,23.73,Beginner,grains,38.68
341,2023-06-30,115,15,16.94,52.95,4,0,26.06,EXPERT,meat,29.99
342,2023-06-04,303,14,13.84,76.92,6,0,43.81,Beginner,meat,50.96
343,2022-08-16,229,17,24.97,52.2,1,0,10.11,Intermediate,meat,26.15
344,2024-07-11,380,7,12.35,30.4,3,0,25.56,Intermediate,dairy,32.78
345,2023-02-09,203,10,28.3,72.61,3,0,19.39,nan,grains,33.74
346,2024-06-08,150,19,25.32,34.44,5,0,11.14,Beginner,meat,28.13
347,2022-06-27,233,9,20.08,69.76,0,0,13.52,Intermediate,vegetables,27.48
348,2022-01-07,120,11,23.89,45.24,4,0,15.16,Beginner,meat,29.37
350,2023-03-07,421,18,60,44.08,1,0,24.27,Intermediate,meat,33.14
351,2023-06-17,345,6,33.82,46,5,0,28.74,Intermediate,dairy,52.12
353,2023-04-24,157,7,10.5,37.78,0,1,15.6,Beginner,grains,29.63
354,2023-11-20,441,15,22.4,53.18,0,1,27.67,Beginner,meat,56.19
355,2022-01-08,202,10,28.92,31.87,5,0,22.55,Intermediate,meat,35.97
356,2022-06-05,340,18,22.02,57.04,6,0,19.66,EXPERT,vegetables,44.24
357,2022-12-24,246,14,11.78,75.76,5,0,16.41,nan,vegetables,30.55
358,2023-08-08,204,10,16.21,83.76,1,0,9.86,Intermediate,grains,25.79
360,2022-11-26,403,15,23.71,48.15,5,0,6.95,EXPERT,meat,35.98
361,2023-09-26,383,7,21.08,43.15,1,0,36.9,nan,meat,53.72
362,2024-04-02,296,7,20.88,63.54,1,0,20.01,intermediate,dairy,29.02
364,2023-09-04,112,14,19.81,67.25,0,0,19.66,Intermediate,meat,17.81
365,2022-02-11,343,12,19.57,78.14,4,0,15.46,intermediate,meat,35.12
366,2024-01-17,404,11,28.74,73.39,2,0,30.67,nan,dairy,45.51
367,2022-01-06,288,5,9.87,80.62,3,0,49.5,nan,meat,53.12
368,2024-03-20,381,16,14.13,62.96,2,0,32.59,Intermediate,meat,42.14
369,2023-05-10,225,10,19.52,81.54,2,0,8.97,nan,grains,14.93
370,2023-07-27,401,15,26.39,70.3,3,0,44.43,Beginner,meat,54.43
372,2024-02-02,1070,9,10.73,45.17,4,0,31.24,Beginner,dairy,146.55
373,2024-08-16,206,12,34.19,31.77,4,0,14.07,intermediate,meat,33.18
374,2022-06-13,270,7,25.39,70.48,0,0,45.28,nan,vegetables,45.55
375,2022-08-17,3190,5,19.92,31.65,2,0,46.29,EXPERT,meat,274.33
376,2023-06-08,138,11,33.32,44.51,3,0,43.86,intermediate,meat,51.64
377,2024-02-26,489,7,23.01,76.84,0,0,32.06,Intermediate,meat,48.94
378,2022-08-01,279,12,20.33,53.24,0,0,31.91,Beginner,meat,32.46
379,2024-04-05,457,12,25.78,62.06,4,0,38.22,nan,dairy,55.85
380,2022-03-21,301,19,13.98,61.88,0,1,18.64,EXPERT,vegetables,45.18
381,2022-05-29,445,19,29.59,79.09,6,0,46.21,Intermediate,grains,55.65
382,2022-10-30,153,5,24.43,48.03,6,0,30.58,EXPERT,meat,35
383,2023-03-25,370,11,11.75,65.61,5,0,34.6,nan,meat,40.17
384,2023-05-17,371,14,31.83,73.83,2,0,18.85,intermediate,meat,39.74
385,2023-07-03,346,5,10.44,56.13,0,1,45.28,nan,vegetables,49.26
386,2024-04-21,468,12,16.89,60.09,6,0,13.63,EXPERT,meat,37.51
387,2022-02-13,230,17,30.54,31.08,6,0,29.8,Intermediate,vegetables,36.81
388,2023-05-09,195,9,18.54,30.17,1,0,14.8,Intermediate,meat,18.28
389,2022-05-14,313,6,15.02,65.45,5,0,31.67,EXPERT,dairy,41.74
390,2023-08-18,263,19,25.73,86.84,4,0,44.49,Beginner,meat,56.43
392,2023-05-23,346,17,22.53,85.85,1,1,23.1,intermediate,meat,56.66
393,2023-10-18,285,17,22.87,75.81,2,0,42.64,Beginner,meat,52.26
394,2023-06-01,146,9,30.47,32.58,3,1,19.67,EXPERT,vegetables,35.64
395,2024-04-29,349,15,13.91,39.77,0,0,17.34,Intermediate,vegetables,30.76
397,2022-01-01,202,9,31.98,66.83,5,0,45.45,Intermediate,meat,39.9
398,2024-02-22,496,16,28.65,86.95,3,0,40.83,EXPERT,dairy,65.38
399,2023-01-18,352,8,29.84,83.07,2,0,37.17,nan,meat,51.9
400,2022-11-13,483,14,20.95,32.28,6,0,36.53,Beginner,vegetables,59.75
401,2024-02-01,472,7,-10,79.08,3,0,27.59,EXPERT,vegetables,46.99
405,2022-01-05,171,13,32.44,78.37,2,0,34.98,nan,dairy,33.04
408,2022-05-06,132,14,11.81,44.33,4,0,6.89,EXPERT,dairy,27.58
409,2023-11-28,351,5,25.9,80.39,1,0,33.5,intermediate,vegetables,38.23
410,2023-05-15,472,6,16.99,52.27,0,0,23.08,EXPERT,meat,47.26
411,2023-08-20,456,15,11.62,73.5,6,0,35.22,nan,grains,49.08
412,2024-08-29,306,17,13.25,53,3,0,9.61,Intermediate,dairy,32.88
413,2022-04-01,336,19,14.64,74.25,4,0,20.55,EXPERT,grains,42.59
414,2022-01-11,430,16,11.73,48.9,1,0,8.65,Beginner,meat,34.96
415,2022-07-01,143,15,31.01,84.02,4,0,42.59,Intermediate,grains,54.33
416,2022-12-30,271,14,14.86,68.67,4,1,19.22,EXPERT,meat,42.47
418,2024-01-23,473,5,22.55,33.11,1,0,8.64,intermediate,vegetables,30.88
419,2024-08-20,436,7,17.99,84.67,1,0,23.86,EXPERT,grains,41.18
421,2022-10-19,239,19,16.1,44.1,2,0,37.92,Beginner,meat,42.2
422,2022-05-12,271,17,18.05,56.85,3,0,28.85,EXPERT,meat,42.16
423,2022-10-28,230,6,30.67,76.94,4,0,35.41,EXPERT,meat,40.82
424,2023-12-14,157,6,22.21,80.75,3,0,24.17,nan,grains,40.01
425,2022-11-23,388,12,25.25,35.62,2,0,42.24,Beginner,meat,56.56
426,2022-05-25,382,10,17.47,32.66,2,0,27.61,Intermediate,vegetables,40.8
427,2022-01-01,202,9,32.32,66.83,5,0,45.45,Intermediate,meat,39.9
428,2024-08-21,125,14,34.71,51.29,2,1,10.1,intermediate,dairy,32.54
429,2024-06-05,129,9,23.56,64.93,2,0,16.2,EXPERT,vegetables,21.42
430,2022-05-16,326,5,30.54,81.25,0,0,12.74,intermediate,vegetables,30.04
432,2023-12-24,4680,14,24.43,31.97,6,0,26.21,Intermediate,meat,251.54
433,2022-06-14,128,5,18.23,47.8,1,0,11.71,EXPERT,grains,20.47
434,2022-01-29,352,12,33.68,78.44,5,0,10.38,Intermediate,grains,42.44
435,2023-11-11,221,16,24.96,58.89,5,0,47.79,intermediate,meat,44.93
436,2022-07-13,220,11,10.73,39.26,2,0,16.13,nan,dairy,27.47
437,2024-06-21,152,6,12.8,71.75,4,0,22.45,intermediate,vegetables,26.75
438,2024-03-24,414,18,27.44,53.23,6,0,29.1,intermediate,meat,44.41
439,2023-03-10,441,6,30.47,63.8,4,0,21.51,intermediate,dairy,35.61
440,2024-09-14,106,14,17.85,81.59,5,0,13.64,nan,meat,19.18
441,2022-06-19,286,12,11.09,30.13,6,0,5.58,Intermediate,meat,20.85
443,2022-05-21,317,13,32.41,57.77,5,1,32.65,intermediate,vegetables,46.93
445,2022-01-07,120,11,23.9,45.24,4,0,15.16,Beginner,meat,29.37
446,2024-03-31,4100,18,21.54,80.6,6,0,5.99,intermediate,dairy,168.87
447,2023-06-20,389,7,13.04,32.5,1,0,25.82,Intermediate,meat,48.93
448,2024-08-19,160,17,28.49,34.63,0,0,9.3,intermediate,dairy,19.11
449,2024-05-05,367,18,17.88,86.1,6,1,17.89,Intermediate,dairy,46.6
450,2022-03-15,359,10,-10,82.63,1,0,47.37,intermediate,meat,70.47
451,2024-01-08,302,12,25.37,32.72,0,0,14.32,intermediate,meat,31.79
452,2023-06-12,321,9,25.16,86.93,0,1,49.8,intermediate,meat,60.55
453,2022-08-27,317,17,24.7,61.03,5,0,47.16,intermediate,vegetables,46.37
454,2022-05-26,492,11,33.38,46.67,3,0,14.03,Beginner,vegetables,47.93
455,2024-05-02,358,11,25.49,53.44,3,0,40.51,Beginner,vegetables,60.04
456,2022-08-23,225,17,21.22,32.69,1,0,19.87,Beginner,meat,31.78
458,2022-08-03,417,7,20.93,54.23,2,0,43.47,Beginner,vegetables,60.42
459,2023-12-13,225,13,34.13,84.23,2,0,15.88,intermediate,meat,20.48
461,2022-02-17,428,5,9.78,37.65,3,0,17.5,intermediate,dairy,25.35
462,2024-06-25,142,7,22.43,68.5,1,0,43.81,intermediate,meat,34.46
463,2023-12-09,272,9,28.2,49.58,5,0,32.86,Beginner,meat,39.1
464,2023-02-27,420,5,60,73.19,0,0,21.83,Beginner,meat,40.89
465,2022-07-05,227,8,31.16,54.76,1,0,16.9,intermediate,meat,27.46
466,2022-02-11,343,12,19.59,78.14,4,0,15.46,intermediate,meat,35.12
467,2024-02-07,235,11,31.86,54.35,2,0,14.75,nan,dairy,27.06
470,2022-02-26,445,15,31,67.69,5,0,46.96,EXPERT,meat,59.81
471,2023-04-28,417,19,26.79,58.52,4,0,40.24,nan,meat,61.54
472,2024-01-24,358,18,13.12,41.47,2,0,44.45,EXPERT,dairy,58.91
473,2024-03-04,411,17,30.03,35.89,0,0,7.81,EXPERT,grains,35.16
474,2023-04-14,469,12,60,32.54,4,0,35.12,nan,meat,67.15
475,2024-07-15,254,13,29.96,33.03,0,0,42.26,Beginner,meat,45.34
476,2023-03-12,252,10,18.43,85.01,6,0,14.3,EXPERT,meat,20.06
477,2022-01-25,376,19,-10,54.5,1,0,36.26,EXPERT,meat,50.57
480,2022-02-19,373,10,21.34,88.37,5,0,34.34,nan,dairy,53.95
481,2023-10-30,1750,13,32.4,78.5,0,0,36.54,nan,meat,249.17
482,2022-01-22,393,6,30.87,51.62,5,0,27.01,Intermediate,vegetables,40.95
483,2024-09-24,114,14,32.63,77.04,1,0,11.97,Beginner,vegetables,29.35
484,2022-12-05,474,10,22.51,83.67,0,0,19.28,Beginner,meat,45.32
485,2022-02-21,188,10,12.55,71.96,0,0,48.9,intermediate,meat,43.73
487,2024-05-11,412,13,13.2,35.04,5,0,38.24,Intermediate,vegetables,54.42
488,2024-09-16,210,19,30.48,77.24,0,0,17.22,EXPERT,meat,36.39
489,2023-11-14,128,10,23.75,31.96,1,1,48.63,EXPERT,vegetables,60.93
490,2024-09-22,326,15,27.98,62.1,6,0,18.41,nan,meat,37.94
491,2022-09-22,351,12,19.93,59.27,3,0,48.34,intermediate,dairy,51.95
492,2023-12-10,240,10,12.7,80.38,6,0,42.12,EXPERT,grains,39.57
493,2024-02-05,263,14,19.69,50.22,0,0,19.13,Beginner,grains,35.33
494,2024-01-07,312,7,30.38,57.8,6,0,29.55,Beginner,grains,49.74
496,2023-01-31,379,9,29.84,30.37,1,0,34.82,intermediate,meat,47.23
497,2023-07-13,132,11,17.43,82.76,3,0,43.05,nan,vegetables,43.5
498,2022-06-26,161,7,12.04,78.02,6,0,10.72,nan,vegetables,28.27
499,2022-01-19,4080,7,17.08,50.42,2,0,19.4,intermediate,vegetables,172.16
500,2024-09-06,315,15,18.42,47.49,4,0,22.73,Intermediate,meat,37.11
501,2023-06-23,493,10,15.81,57.3,4,0,23.71,Beginner,vegetables,55.16
502,2023-09-06,316,6,13.33,75.65,2,0,10.48,nan,meat,21.44
503,2023-08-14,475,10,14.74,84.39,0,0,25.35,Beginner,grains,48.81
504,2023-01-03,472,11,26.75,61.71,1,1,18.31,EXPERT,meat,53.28
505,2022-03-25,370,18,21.34,46.07,4,0,35.42,Intermediate,meat,54.1
506,2022-03-03,466,12,34.08,37.21,3,0,34.38,Beginner,vegetables,54.97
508,2022-09-30,138,15,23.04,62.72,4,0,10.06,intermediate,meat,20.16
509,2022-10-13,159,14,34.08,51.37,3,0,38.29,intermediate,meat,40.62
510,2022-12-27,291,19,19.5,82.32,1,0,27.25,Beginner,meat,41.36
511,2022-12-21,466,8,30.56,88.29,2,0,37.15,Beginner,vegetables,57.51
512,2024-08-09,348,16,24.95,70.24,4,0,30.41,intermediate,grains,38.96
513,2022-10-06,397,14,33.5,76.41,3,0,42.97,EXPERT,dairy,62.68
514,2023-01-04,105,6,33.24,77.6,2,0,16.51,intermediate,dairy,31.4
516,2023-09-11,468,7,11.91,81.84,0,0,47.81,Beginner,meat,66.99
517,2023-08-13,174,14,27.02,61.64,6,0,8.65,intermediate,dairy,21.43
518,2023-10-20,322,6,29.56,66.18,4,0,5.65,Intermediate,meat,18.62
519,2022-01-19,4080,7,17.39,50.42,2,0,19.4,intermediate,vegetables,172.16
520,2023-04-02,202,5,11.31,79.6,6,0,32,Intermediate,dairy,33.61
521,2023-01-29,459,16,-10,64.62,6,0,30.08,Beginner,meat,60.69
522,2023-11-16,438,16,14.09,56.66,3,0,36.48,nan,grains,49.54
523,2023-12-25,411,11,31.93,68.16,0,0,26.26,Beginner,meat,46.2
524,2023-01-11,4010,16,30.58,50.51,2,0,31.73,EXPERT,meat,256.33
525,2023-02-17,125,17,15.88,31.32,4,0,21.05,EXPERT,grains,19.29
526,2022-03-16,409,6,31.7,82.64,2,0,28.84,nan,vegetables,46.71
527,2024-08-05,3170,14,19.08,56.3,0,0,15.41,Intermediate,vegetables,167.72
528,2023-05-16,484,11,33.56,82.19,1,0,31,nan,vegetables,53.38
529,2023-08-28,250,14,13.18,32.67,0,0,40.21,Beginner,dairy,51.61
530,2022-04-25,262,18,28.11,45.76,0,0,16.81,intermediate,grains,30.69
531,2023-02-22,490,12,17.81,32.02,2,0,46.93,Intermediate,dairy,66.91
532,2022-03-31,307,6,34.19,59.3,3,0,31.09,Beginner,meat,49
533,2024-09-17,337,15,32,54.68,1,0,19.23,intermediate,dairy,32.97
534,2024-07-21,376,13,14.89,43.23,6,0,24.12,intermediate,meat,40.12
535,2024-05-24,325,18,33.68,89.42,4,0,12.86,nan,grains,40.61
536,2023-10-23,262,6,26.68,52.62,0,0,32.27,intermediate,vegetables,38.91
537,2022-01-12,187,13,18.16,30.23,2,0,42.34,EXPERT,meat,48.11
538,2023-02-01,213,5,26.17,36.06,2,0,41.35,Beginner,vegetables,36.06
539,2023-07-30,341,9,-10,44.35,6,0,36.75,EXPERT,meat,47.53
540,2022-02-12,419,15,11.64,58.74,5,0,15.17,Intermediate,dairy,35.57
541,2022-06-17,259,16,31.8,73.28,4,0,20.38,Intermediate,dairy,36.1
542,2023-02-21,415,15,14.46,43.16,1,0,35.62,intermediate,meat,47.94
543,2024-08-25,212,6,18.08,65.69,6,0,7.87,Beginner,meat,23.81
544,2023-03-03,470,12,24.93,63.28,4,0,19.79,Beginner,grains,39.26
545,2023-06-29,103,12,31.9,34.58,3,0,28.85,nan,dairy,29.57
546,2024-08-06,400,6,32.43,89.78,1,0,23.19,Beginner,grains,43.32
547,2022-01-31,444,5,28.8,83.93,0,0,16.55,intermediate,meat,37.42
548,2024-06-23,225,5,34.45,35.53,6,0,37.61,EXPERT,meat,35.84
549,2023-10-24,314,9,10.26,63.12,1,0,27.67,Beginner,vegetables,46.05
550,2022-09-15,300,8,26,35.96,3,0,34.38,nan,grains,42.77
551,2022-12-02,132,14,14.21,85.12,4,0,28.09,EXPERT,meat,28.31
552,2022-01-16,251,13,10.23,89.5,6,0,7.96,nan,grains,24.32
553,2023-11-10,382,16,12.77,60.76,4,0,13.37,nan,meat,38.33
554,2022-11-21,260,17,18.21,86.95,0,0,15.11,EXPERT,vegetables,30.58
555,2024-03-28,204,8,31.32,37.46,3,0,27.99,nan,dairy,30.47
556,2022-08-11,212,12,17.8,64.76,3,0,29.9,intermediate,meat,40.8
557,2022-06-29,127,9,20.46,65.78,2,0,38.85,Intermediate,grains,34.75
558,2022-04-10,140,14,26.29,84.64,6,0,47.35,intermediate,meat,59.1
559,2023-06-06,317,6,33.93,35.99,1,0,36.28,intermediate,grains,46.14
560,2022-01-23,485,19,19.8,34.11,6,0,43.68,Intermediate,meat,59.27
563,2024-07-16,192,7,19.3,67.65,1,0,22.01,Intermediate,vegetables,32.16
564,2024-01-28,323,16,15.43,54.96,6,0,14.06,intermediate,meat,36.12
566,2023-03-08,387,7,10.4,48.19,2,0,33.44,nan,vegetables,43.39
567,2023-08-19,493,10,14.97,50.24,5,0,39.79,Intermediate,vegetables,58.63
568,2024-06-17,439,15,21.5,40.33,0,0,41.23,Intermediate,meat,64.15
569,2022-07-23,406,5,21.65,56.93,5,0,17.75,EXPERT,meat,28.64
570,2024-01-31,255,6,10.05,83.76,2,0,5.17,Intermediate,grains,23.43
571,2022-04-04,152,14,-10,82.11,0,0,8.45,Intermediate,grains,30.18
572,2023-08-26,195,9,16.65,59.84,5,0,30.31,Intermediate,grains,38.31
573,2022-03-10,487,12,21.06,34.45,3,0,45.85,EXPERT,grains,53.03
574,2024-08-11,220,16,19.09,42.24,6,0,17.81,EXPERT,vegetables,27.43
575,2022-10-12,211,18,15.86,80.31,2,0,33.38,Beginner,meat,35.66
576,2024-05-15,306,15,29.69,42.32,2,0,13.68,Beginner,meat,32.57
577,2023-03-11,150,6,25.08,37.2,5,0,11.63,EXPERT,meat,23.31
578,2022-06-03,451,16,24.94,70.53,4,1,19.54,Intermediate,meat,40.83
579,2022-03-17,290,8,27.87,49.82,3,0,37.96,Beginner,grains,48.02
580,2024-02-28,470,6,13.06,40.33,2,0,29.51,Beginner,meat,53.68
581,2023-08-04,363,6,22.04,76.62,4,0,37,intermediate,dairy,44.15
582,2023-03-23,269,17,30.8,76.98,3,0,39.43,nan,meat,50.15
583,2022-07-08,289,14,29.19,83.28,4,0,14.82,intermediate,meat,40.84
584,2022-09-29,227,6,16.36,89.69,3,0,31.45,Beginner,dairy,36.32
585,2022-08-25,152,13,13.64,86.8,3,0,25.44,nan,grains,27.79
586,2023-05-03,228,18,25.21,53.11,2,0,34.11,Beginner,vegetables,34.71
587,2023-07-14,278,13,20.76,70.53,4,0,16.68,intermediate,vegetables,32.15
588,2022-04-28,360,8,12.57,89.03,3,0,44.07,intermediate,dairy,52.93
589,2024-05-30,434,13,12.22,88.63,3,0,10.46,EXPERT,meat,42.27
590,2023-05-28,284,6,23.31,70.93,6,0,18.69,Beginner,vegetables,35.65
592,2023-10-06,198,5,21.55,71.9,4,0,39.24,EXPERT,meat,37.9
593,2022-05-07,147,9,23.36,58.18,5,0,21.36,nan,dairy,27.76
594,2022-04-27,478,19,13.65,58.37,2,0,10,Intermediate,vegetables,50.21
595,2023-04-19,244,12,34.53,38.35,2,0,12.97,intermediate,grains,28.01
596,2022-02-02,158,7,22.08,82.45,2,0,24.17,Intermediate,vegetables,34.5
597,2022-02-27,152,18,29.32,61.96,6,0,28.54,nan,meat,42.84
599,2024-09-07,485,15,17.41,76.24,5,0,43.29,Intermediate,vegetables,67.29
600,2023-01-05,198,15,23.31,89.43,3,0,19.73,nan,grains,36.07
601,2022-09-26,4510,8,18.08,52.49,0,0,7.29,Beginner,dairy,170.55
602,2022-02-16,120,13,16.31,87.97,2,0,18.41,intermediate,grains,21.21
603,2022-12-16,325,19,19.86,47.91,4,0,9.71,nan,grains,28.31
604,2022-07-15,332,18,25.15,68.27,4,0,12.41,EXPERT,grains,34.86
606,2024-06-18,168,14,28.73,85.53,1,0,11.16,EXPERT,grains,23.75
607,2024-01-16,332,8,10.28,51.73,1,0,10.02,Intermediate,dairy,30.4
608,2024-06-12,487,7,13.52,67.84,2,0,39.85,Intermediate,grains,53.8
610,2023-03-20,441,8,18.59,54.15,0,0,42.13,Beginner,grains,58.34
611,2024-03-03,109,17,11.56,40.81,6,1,5.9,Intermediate,meat,27.97
612,2022-11-01,260,12,13.98,77.55,1,0,33.48,nan,meat,36.8
613,2022-12-08,257,5,31.18,66.13,3,0,36.23,EXPERT,dairy,34.94
614,2024-07-25,416,9,28.94,42.88,3,0,47.47,Beginner,meat,59.61
616,2022-05-30,141,5,25.31,61.9,0,0,21.19,EXPERT,meat,34.98
617,2022-05-05,367,12,33.53,84.44,3,0,14.67,Beginner,vegetables,33.43
618,2024-04-26,171,9,20.72,88.91,4,0,8.79,intermediate,meat,22.7
619,2024-06-04,434,10,20.1,41.39,1,0,6.11,intermediate,meat,41.23
620,2022-02-20,487,9,33.61,79.56,6,0,42.46,EXPERT,meat,51.64
621,2022-12-20,383,14,60,31.85,1,0,6.39,EXPERT,dairy,35.35
622,2024-09-25,291,13,28.49,55.16,2,0,21.78,EXPERT,vegetables,38.97
623,2022-05-23,497,19,25.42,43.11,0,1,19.36,EXPERT,meat,54.47
624,2023-04-16,205,15,30.55,85.81,6,0,15.96,nan,dairy,27.96
625,2023-02-04,250,8,32.65,36.78,5,0,5.85,Intermediate,dairy,24.92
626,2024-07-18,160,6,19.93,86.18,3,0,25.98,Intermediate,dairy,30.97
627,2022-11-17,409,14,31.72,70.85,3,0,15.97,EXPERT,grains,43.59
628,2022-01-20,357,13,10.46,81.98,3,0,26.44,nan,vegetables,45.21
629,2024-06-26,339,7,18.49,72.23,2,0,19.22,intermediate,vegetables,33.3
630,2024-04-30,261,16,31.33,41.21,1,0,42.25,intermediate,meat,48.3
631,2024-06-13,237,8,26.6,62.98,3,0,22.35,EXPERT,vegetables,31.85
632,2023-02-12,345,17,30.24,81.8,6,0,5.04,intermediate,dairy,33.83
634,2023-11-25,231,14,31.98,82.64,5,0,26.52,nan,meat,46.32
635,2022-02-08,150,14,21.15,52.9,1,0,18.84,Beginner,vegetables,24.45
636,2022-06-25,144,18,22.33,69.92,5,0,10.24,EXPERT,meat,28.96
637,2022-09-03,222,10,23.34,80.83,5,0,36.08,nan,meat,45.33
638,2024-06-11,384,13,20.72,74.41,1,0,16.59,nan,vegetables,30.54
639,2023-12-23,290,19,12.34,65.63,5,1,13.69,Beginner,vegetables,46.06
640,2024-08-01,445,10,21.19,78.43,3,0,34.42,Beginner,vegetables,53.49
641,2024-07-13,451,16,17.06,67.51,5,0,10.14,intermediate,meat,35.6
642,2022-06-04,330,6,29.6,32.69,5,0,49.45,Intermediate,meat,54.96
643,2023-10-01,438,12,30.05,30.78,6,0,46.21,intermediate,dairy,50.02
644,2022-10-15,101,10,26.54,72.54,5,0,5.75,Beginner,meat,16.57
645,2023-09-18,286,15,60,53.51,0,0,21.35,EXPERT,dairy,34.98
647,2023-07-24,496,6,15.82,66.2,0,0,42,EXPERT,grains,62.71
648,2024-03-12,473,18,27.15,38.53,1,0,10.08,EXPERT,vegetables,38.85
650,2022-05-08,161,11,32.06,57.03,6,0,9.44,intermediate,meat,17.2
651,2022-11-19,307,10,17.42,32.07,5,0,13.95,Beginner,dairy,33.21
652,2022-09-13,243,19,15.78,61.91,1,0,39.47,EXPERT,dairy,47.65
653,2024-03-01,296,15,15.9,56.93,4,0,38.52,Intermediate,vegetables,47.1
655,2022-07-10,484,6,23.58,60.13,6,0,25.98,nan,vegetables,47.39
656,2022-04-26,388,15,28.73,46.29,1,0,28.64,EXPERT,dairy,43.35
658,2023-08-30,323,5,16.09,48.12,2,0,22.94,Intermediate,vegetables,42.12
659,2022-06-30,207,7,15.09,62.98,3,0,45.75,intermediate,vegetables,46.37
660,2022-10-29,251,13,26.67,74.07,5,0,32.84,nan,meat,45.07
661,2024-04-09,264,6,29.51,58.94,1,0,36.54,Beginner,vegetables,44.81
662,2024-06-19,133,7,17.26,34.1,2,0,8.14,EXPERT,grains,20.07
663,2024-02-20,319,17,13.72,58.91,1,0,19.05,nan,grains,29.39
664,2024-01-10,328,15,19.38,85.86,2,1,15.42,EXPERT,grains,42.1
666,2023-06-02,193,8,18.06,70.01,4,0,8.19,nan,dairy,31.06
667,2023-01-08,136,5,27.94,35.39,6,0,40.58,nan,meat,31.93
668,2022-02-15,234,9,30.47,31.63,1,0,17.7,Beginner,dairy,35.34
669,2024-09-04,127,16,19.48,45.2,2,0,36.27,EXPERT,dairy,36.8
671,2024-03-13,164,5,34.78,42.8,2,0,31.84,EXPERT,dairy,30.72
672,2022-06-21,185,13,10.52,79.78,1,0,30.51,Intermediate,meat,42.84
674,2023-05-27,185,16,26.86,33.13,5,0,11.39,Intermediate,vegetables,23.26
675,2022-02-18,266,9,13.97,72.46,4,0,39.72,intermediate,meat,39.66
676,2022-07-11,476,12,22.85,38.33,0,0,25.04,EXPERT,meat,45.92
677,2024-06-24,334,12,29.85,63.2,0,0,42.64,nan,grains,50.09
678,2023-05-31,168,19,15.3,35.12,2,0,18.78,nan,vegetables,35.33
680,2024-01-11,263,11,23.47,53.51,3,0,43.2,Intermediate,meat,44.2
681,2023-04-26,328,5,29.21,86.64,2,1,44.21,nan,grains,57.07
683,2024-02-14,140,17,22.16,75.23,2,0,42.32,Beginner,dairy,45.64
684,2023-12-08,225,11,23.49,55.65,4,0,46.68,intermediate,meat,44.27
686,2022-01-27,413,6,14.34,84.22,3,0,38.23,intermediate,dairy,51.13
688,2023-03-14,162,5,29.32,54.09,1,1,33.62,Intermediate,meat,52.62
689,2022-01-23,485,19,19.34,34.11,6,0,43.68,Intermediate,meat,59.27
690,2022-12-31,319,15,14.16,79.19,5,0,33.21,Intermediate,vegetables,53.13
691,2022-08-18,153,8,15.93,53.58,3,0,40,nan,dairy,36.61
692,2022-02-07,274,8,26.9,43.6,0,0,39.54,Intermediate,dairy,49.14
693,2023-11-01,173,15,13.13,44.75,2,0,25.12,EXPERT,dairy,40
694,2022-02-04,287,13,11.61,40.14,4,0,9.16,Beginner,dairy,22.99
695,2023-01-10,448,15,34.42,32.65,1,0,24.62,EXPERT,grains,40.02
696,2023-04-15,223,11,20.57,63.88,5,0,15.41,nan,vegetables,24.95
697,2022-02-05,370,9,31.15,53.39,5,0,40.12,Intermediate,grains,53.44
698,2023-11-19,420,16,26.9,89.55,6,0,36.77,EXPERT,dairy,51.13
700,2024-01-29,371,16,13.45,75.54,0,0,45.06,Beginner,vegetables,56.2
703,2024-07-09,487,13,23.95,42.79,1,0,40.24,nan,vegetables,54.6
704,2024-07-19,221,16,12.34,62.52,4,0,40.64,Intermediate,vegetables,35.26
705,2023-05-19,291,5,29.66,77.77,4,0,40.69,EXPERT,meat,48.43
706,2022-02-06,289,10,35.12,52.77,6,0,35.32,Beginner,grains,44.97
707,2024-06-14,2830,14,15.4,71.39,4,0,27.8,EXPERT,meat,205.02
708,2023-08-03,189,10,23.14,63.68,3,0,38.48,Intermediate,meat,39.59
709,2022-06-10,330,6,24.83,82.94,4,0,24.02,EXPERT,meat,41.5
710,2023-11-12,293,7,12.38,68.13,6,0,14.45,nan,meat,21.32
711,2022-06-12,242,7,21.98,45.49,6,0,5.47,nan,vegetables,27.74
712,2023-12-07,138,5,16.73,63.8,3,0,35.21,EXPERT,grains,29.44
713,2024-01-27,429,7,29.51,68.44,5,0,31.97,intermediate,meat,47.23
715,2024-03-11,388,17,14.46,33.11,0,0,14.86,intermediate,dairy,29.68
716,2024-01-25,243,19,19.63,48.61,3,0,37.8,intermediate,meat,47.99
717,2024-03-25,382,13,33.24,84.39,0,0,32.82,EXPERT,grains,52.34
718,2022-04-22,238,18,28.93,44.05,4,0,11.09,Beginner,vegetables,33.74
720,2024-06-02,348,7,34.51,88.74,6,0,19.78,Intermediate,dairy,43.31
721,2022-04-14,164,8,34.61,39.89,3,0,5.01,nan,grains,13.96
723,2023-02-24,135,18,15.15,54.97,4,0,41.17,EXPERT,dairy,40.4
724,2024-03-19,440,12,34.49,56.12,1,0,22.81,Beginner,meat,43.31
725,2023-08-10,295,16,20.46,48.91,3,0,38.76,EXPERT,meat,48.28
726,2022-01-12,187,13,17.75,30.23,2,0,42.34,EXPERT,meat,48.11
728,2022-04-30,140,15,10.46,54.42,5,0,12.31,Intermediate,meat,27.07
729,2022-02-23,113,11,23.18,88.91,2,0,8,Intermediate,meat,20.22
730,2022-06-01,278,18,26.52,64.49,2,0,13.78,intermediate,vegetables,40.82
731,2023-02-08,372,10,17.55,38.71,2,0,33.73,Beginner,grains,54.65
733,2022-07-27,414,19,20.13,78.48,2,0,33.14,EXPERT,dairy,52.44
734,2023-10-21,221,13,15.7,80.12,5,0,41.13,Beginner,grains,45.11
736,2024-09-05,177,5,34.34,89.26,3,1,5.47,Intermediate,grains,21.57
738,2024-05-19,165,19,13.62,74.01,6,0,9.56,Beginner,grains,34.47
739,2022-02-06,289,10,34.75,52.77,6,0,35.32,Beginner,grains,44.97
740,2023-03-29,152,7,27,50.42,2,0,45.65,intermediate,vegetables,42.12
741,2023-10-14,138,15,30.76,43.92,5,0,24.8,nan,meat,28.31
742,2022-09-11,494,10,34.67,43.71,6,0,7.49,nan,dairy,42.16
743,2022-10-31,219,19,18.71,49.55,0,0,7.66,Beginner,vegetables,31.96
744,2024-06-29,348,12,28.96,57.04,5,0,7.23,intermediate,meat,29.43
745,2023-07-26,194,9,14.34,33.58,2,0,37.98,Intermediate,vegetables,42.91
746,2023-09-16,441,17,30.63,89.7,5,0,7.76,Intermediate,dairy,41.61
747,2024-02-04,447,12,60,37.52,6,0,7.45,Intermediate,meat,37.23
748,2024-09-19,3380,16,16.11,68.28,3,0,26.43,intermediate,dairy,185.69
749,2022-09-20,358,19,24.62,48.79,1,0,48.55,nan,grains,58.7
752,2023-02-19,405,11,21.82,80.53,6,0,6.81,intermediate,meat,40.36
753,2022-05-31,479,9,22.11,82.79,1,0,18.81,EXPERT,vegetables,42.23
754,2024-04-28,253,9,16.7,44.85,6,0,35.62,Beginner,grains,46.06
755,2023-10-03,243,10,10.89,79.76,1,0,17.76,EXPERT,grains,20.84
756,2024-08-14,155,5,17.83,33,2,0,35.83,Beginner,grains,38.64
757,2023-07-05,483,7,19.12,50.51,2,0,35.31,nan,meat,52.26
758,2024-05-01,217,10,11.16,31.19,2,0,38.29,Beginner,vegetables,36.08
759,2023-05-04,157,12,22.67,81.95,3,0,33.12,intermediate,meat,43.1
760,2023-12-12,319,12,12.3,55.81,1,0,29.84,intermediate,meat,35.35
761,2022-05-28,114,18,25.63,47.07,5,0,40.61,nan,grains,49.27
762,2022-05-27,306,7,33.68,79,4,0,19.18,EXPERT,vegetables,36.62
763,2024-02-17,244,17,10.57,61.06,5,0,29.91,Intermediate,meat,33.5
764,2022-01-03,370,14,30.76,64.63,0,0,41.55,Beginner,vegetables,61.38
765,2024-05-03,478,12,24.05,41.49,4,0,10.36,intermediate,vegetables,44.48
766,2024-08-08,381,9,22.68,62.81,3,0,44.09,Beginner,grains,61.47
767,2023-10-22,232,14,34.4,77.07,6,0,49.14,Intermediate,grains,44.35
769,2023-04-09,454,12,12.22,55.34,6,0,46.03,Beginner,dairy,58.63
770,2022-11-22,167,18,25.76,60.77,1,0,8.11,Intermediate,meat,19.7
771,2022-07-06,447,13,25.72,68.77,2,0,27.66,Beginner,grains,48.45
772,2022-05-04,427,6,29.4,66.24,2,0,36.42,intermediate,dairy,48.88
773,2024-07-08,459,15,28.77,66.74,0,0,26.39,Intermediate,dairy,54.25
774,2023-09-01,367,9,30.27,51.26,4,0,17.02,EXPERT,dairy,34.41
775,2022-05-24,458,12,25.32,53.81,1,0,26.15,intermediate,meat,51.8
776,2024-01-22,153,11,21.76,82.96,0,0,17.71,intermediate,meat,23.56
777,2022-01-30,335,12,14.16,33.55,6,0,30.77,Intermediate,meat,40.6
778,2022-07-17,458,17,29.82,61.8,6,0,5.64,Intermediate,dairy,35.47
781,2022-10-21,259,18,31.62,62.69,4,0,28.48,intermediate,grains,45.02
782,2024-06-15,429,5,12.44,38.64,5,0,43.52,nan,meat,55.86
783,2023-02-05,226,13,29.25,80.52,6,1,38.12,Intermediate,meat,56.37
784,2022-05-03,300,10,18.65,32.39,1,0,32.9,intermediate,meat,39.36
785,2022-07-03,385,14,34.02,49.26,6,0,24.85,Intermediate,meat,44.73
786,2022-07-22,324,19,19.6,61.95,4,0,40.45,intermediate,meat,48.02
787,2023-03-15,289,6,16.62,39.52,2,1,22.92,nan,meat,55.4
788,2022-09-04,354,6,29.54,61.87,6,0,37.8,EXPERT,meat,51.36
790,2024-04-16,100,19,21.8,78.53,1,0,13.03,Beginner,vegetables,25.53
791,2024-04-04,232,18,27.65,72.37,3,0,11.23,Intermediate,meat,28.18
792,2024-09-01,155,12,10.73,77.21,6,0,38.45,Beginner,grains,38.31
794,2024-08-12,313,9,28.32,69.24,0,0,28.27,Beginner,vegetables,41.92
795,2022-05-10,392,16,30.61,67.35,1,0,16.44,Intermediate,grains,37.44
796,2023-09-30,151,19,26.48,42.84,5,0,42.99,nan,vegetables,51.29
797,2023-02-07,485,8,16.39,58.7,1,0,10.98,Beginner,grains,35.69
798,2024-04-24,447,15,34.37,86.12,2,0,14.31,intermediate,dairy,44.07
799,2024-04-10,301,18,10.18,37.11,2,0,43.5,EXPERT,vegetables,52.16
800,2024-01-06,4730,13,28.56,60.94,5,0,14.1,Beginner,vegetables,236.74
801,2024-09-08,464,13,32.96,55.65,6,0,20.56,EXPERT,meat,39.75
803,2023-10-04,472,9,22.71,73.93,2,0,19.68,EXPERT,grains,40.69
804,2024-09-10,113,15,28.99,77.98,1,1,38.58,nan,meat,53.28
805,2024-03-21,162,19,27.51,48.72,3,0,41.25,EXPERT,vegetables,42.45
806,2024-05-17,440,8,22.36,88.92,4,0,28.95,intermediate,grains,49.71
807,2024-09-15,102,8,16.36,32.1,6,0,37.37,nan,meat,27.94
808,2023-09-17,496,9,22.39,61.63,6,0,15.08,nan,meat,41.85
809,2024-06-22,304,18,18.9,57.48,5,0,17.95,intermediate,grains,36.34
810,2024-03-30,484,5,19.42,66.95,5,0,7.42,EXPERT,meat,41.26
811,2023-01-22,227,5,12.18,73.39,6,0,32.22,intermediate,dairy,34.23
812,2022-02-08,150,14,21.18,52.9,1,0,18.84,Beginner,vegetables,24.45
813,2024-03-17,276,16,15.07,75.88,6,0,9.78,Intermediate,vegetables,27.55
814,2023-05-25,253,8,23.49,74.23,3,0,36.75,Intermediate,meat,51.02
815,2022-09-25,247,19,-10,52.22,6,1,12.63,Beginner,dairy,42.58
816,2024-05-31,446,5,27.09,36.19,4,0,37.45,Intermediate,dairy,46.16
817,2023-03-18,413,7,20.03,73.3,5,0,46.47,Beginner,meat,59.76
818,2023-05-12,147,18,15.98,63.12,4,0,41.92,Intermediate,meat,34.49
819,2022-04-23,180,10,33.82,77.21,5,0,13.89,EXPERT,meat,26.39
820,2023-11-23,316,17,26.79,80.84,3,0,32.91,Beginner,dairy,45.7
821,2022-08-21,324,15,21.05,39.94,6,0,28.62,nan,meat,50.54
822,2024-07-24,269,13,18.92,74.36,2,0,29.64,Beginner,grains,38.46
824,2023-11-03,329,14,12.85,83.68,4,0,34.46,Beginner,vegetables,53.22
825,2023-01-09,379,15,-10,30.14,0,0,22.31,Beginner,dairy,45.18
826,2023-10-26,334,13,16.52,32.76,3,0,47.86,Intermediate,dairy,44.28
827,2024-06-27,470,10,31.8,52.4,3,0,43.35,intermediate,dairy,55.98
828,2022-08-22,484,8,18.27,68.74,0,0,25.3,nan,vegetables,48.05
829,2022-01-15,4590,8,19.26,69.32,5,0,8.94,Beginner,meat,170.35
830,2024-04-25,194,14,19.28,81.04,3,0,43.31,intermediate,vegetables,41.15
831,2023-11-08,269,6,13.92,87.29,2,0,40.69,Beginner,grains,34.84
832,2022-11-14,465,5,32.53,74.75,0,1,31.51,Intermediate,meat,55.95
833,2023-10-11,250,7,18.87,81.25,2,0,26.44,Beginner,meat,33.89
835,2024-08-23,356,12,13.06,42.92,4,0,29.63,Beginner,vegetables,38.24
836,2023-12-11,341,10,27.13,38.63,0,0,36,EXPERT,dairy,47.77
837,2022-12-25,103,13,33.87,85.76,6,0,33.89,Beginner,dairy,40.97
838,2022-09-16,223,17,15.62,42.53,4,0,31.08,Beginner,meat,42.13
839,2024-01-15,146,18,30.82,33.68,0,0,20.43,nan,grains,32.82
840,2023-09-20,276,15,15.67,36.53,2,0,48.99,Beginner,grains,51.83
841,2023-09-25,364,12,34.71,61.35,0,0,20.27,intermediate,meat,48.05
842,2022-10-10,243,8,28.27,40.1,0,0,37.86,intermediate,meat,43.91
843,2023-01-12,280,15,23.06,67.97,3,0,31.53,intermediate,vegetables,43.3
844,2023-01-20,355,9,32.94,36.26,4,0,5.66,intermediate,meat,30.09
846,2022-01-27,413,6,14.42,84.22,3,0,38.23,intermediate,dairy,51.13
847,2024-05-26,405,15,14.58,86.48,6,0,37.03,Beginner,meat,65.43
848,2023-04-18,246,17,17.52,70.55,1,0,7.87,Intermediate,meat,22.11
850,2023-05-21,377,9,24.16,32.16,6,0,46.96,Intermediate,grains,49.48
851,2023-10-02,466,10,12.63,30.85,0,0,37.31,EXPERT,dairy,46.15
852,2022-02-15,234,9,30.12,31.63,1,0,17.7,Beginner,dairy,35.34
853,2024-03-08,464,11,14.34,81.03,4,0,32.86,nan,grains,47.2
854,2024-09-26,218,7,14.78,60,3,0,14.41,intermediate,meat,16.81
855,2024-08-31,226,10,12.33,47,5,0,45.78,intermediate,vegetables,48.23
856,2023-09-12,161,9,16.98,58.88,1,0,11.17,EXPERT,grains,19.03
857,2024-08-10,146,17,10.83,72.05,5,0,28.25,nan,grains,35.18
858,2024-05-14,402,8,30.7,34.33,1,0,36.33,Beginner,meat,40.63
859,2023-10-08,124,8,34.27,87.17,6,0,43.91,intermediate,dairy,43.86
860,2024-07-01,282,19,10.45,65.01,0,0,7.84,Beginner,meat,29.9
861,2023-07-11,262,17,28.86,69.78,1,0,38.59,EXPERT,dairy,48.86
862,2023-11-13,104,18,19.4,35.44,0,0,16.74,intermediate,meat,25.77
865,2022-03-27,351,10,10.45,64.4,6,0,21.65,nan,dairy,39.04
866,2022-08-31,423,5,19.48,77.5,2,0,35.63,Intermediate,grains,43
867,2023-11-30,463,16,34.46,43.72,3,0,28.9,Intermediate,grains,48.55
868,2024-07-29,232,12,14.9,49.62,0,0,32.75,nan,meat,36.71
869,2022-06-09,321,13,28.12,73.79,3,0,26.13,EXPERT,grains,43.1
870,2023-06-09,199,11,24.38,84.66,4,0,10.95,Intermediate,meat,29.08
871,2022-02-05,370,9,31.31,53.39,5,0,40.12,Intermediate,grains,53.44
872,2023-06-25,246,12,29.42,43.19,6,0,22.85,EXPERT,meat,37.14
873,2022-06-20,342,15,14.04,73.05,0,0,15.2,intermediate,meat,40.19
874,2023-10-17,141,15,12.07,87.61,1,0,10.2,Beginner,grains,21.89
875,2024-08-28,279,17,26.4,83.1,2,0,28.19,EXPERT,grains,41.14
877,2024-07-02,435,13,13.16,61.55,1,1,19.61,EXPERT,meat,52.71
878,2022-01-16,251,13,10.32,89.5,6,0,7.96,nan,grains,24.32
879,2024-01-04,248,9,26.44,51.16,3,0,21.22,intermediate,meat,39.51
880,2022-04-06,316,17,16.19,87.35,2,0,7.75,nan,meat,22.7
881,2023-07-18,164,18,16.63,47.47,1,1,26.54,EXPERT,meat,38.15
882,2022-08-29,297,15,16.31,30.4,0,0,40.84,EXPERT,grains,56.62
883,2024-01-13,246,6,31.2,61.92,5,0,16.05,EXPERT,grains,30.22
884,2024-05-13,354,8,19.84,70.65,0,0,16.93,intermediate,grains,29.78
885,2023-07-29,352,6,28.11,89.41,5,0,15.43,nan,meat,33.07
886,2023-11-22,426,5,34.81,54.94,2,0,27.87,intermediate,meat,48.94
887,2023-04-06,471,6,60,64.31,3,1,44.21,EXPERT,grains,64.04
888,2023-07-08,251,13,14.79,68.51,5,0,7.07,intermediate,vegetables,22.82
889,2024-05-07,335,15,-10,82.68,1,0,38.66,Beginner,meat,52.08
891,2022-07-26,251,5,29.4,84.61,1,0,21.82,nan,vegetables,33.17
892,2023-01-28,422,14,25.95,67.93,5,0,19.98,Intermediate,meat,41.67
895,2023-02-02,387,11,14.37,82.14,3,0,44.87,Beginner,vegetables,52.41
896,2024-02-06,189,11,20.06,89.97,1,1,27.46,nan,dairy,46.18
899,2022-01-05,171,13,32.72,78.37,2,0,34.98,nan,dairy,33.04
900,2024-02-08,285,16,22.75,43.23,3,0,44.27,Intermediate,grains,48.51
901,2023-10-05,168,12,19.69,51.3,3,0,5.93,EXPERT,dairy,25.43
903,2023-09-05,378,18,33.91,85.72,1,0,47.93,Beginner,meat,64.83
904,2024-01-09,351,6,27.2,47.4,1,0,29.48,EXPERT,dairy,53.74
905,2023-07-01,379,18,31.29,52.06,5,0,23.48,intermediate,meat,37.3
906,2023-12-27,233,11,14.02,47.71,2,0,28.28,Intermediate,meat,39.96
908,2023-11-15,264,6,19.72,33.46,2,0,38.06,nan,grains,40.79
909,2022-04-09,479,10,14.02,34.93,5,0,10.14,Beginner,vegetables,32.77
910,2024-03-15,323,18,28.5,39.44,4,1,6.21,intermediate,vegetables,50.2
911,2023-12-29,143,9,30.29,57.6,4,0,13.97,nan,grains,16.54
912,2023-07-28,485,10,31.2,64.93,4,1,37.53,Intermediate,meat,66.11
913,2023-02-11,398,19,26.79,42.67,5,0,11.19,Intermediate,vegetables,39.33
914,2023-05-18,288,11,14.04,68.86,3,0,26.47,EXPERT,grains,48.45
915,2022-02-17,428,5,10.03,37.65,3,0,17.5,intermediate,dairy,25.35
916,2022-02-02,158,7,21.84,82.45,2,0,24.17,Intermediate,vegetables,34.5
917,2024-02-19,311,5,25.91,67.71,0,0,24.39,intermediate,meat,45.2
918,2024-04-19,304,5,11.11,48.99,4,0,32.64,nan,meat,41.87
919,2022-07-20,417,11,17.1,79.2,2,1,41.88,Intermediate,meat,64.78
920,2022-05-15,134,8,27.33,62.22,6,0,11.68,nan,meat,18.39
921,2022-01-28,121,19,29.27,43.97,4,0,35,Beginner,dairy,34.04
922,2024-08-04,177,9,25.34,60.76,6,0,44.82,Intermediate,meat,51.52
923,2022-08-19,442,18,15.87,61.55,4,0,42.01,Intermediate,meat,62.61
924,2023-05-05,221,18,13.98,58.56,4,0,33.73,nan,meat,39.88
925,2024-02-12,319,5,27.57,52.84,0,0,16.78,intermediate,meat,33.42
926,2023-01-14,198,10,31.49,30.34,5,0,42.42,intermediate,meat,43.36
927,2022-10-16,484,10,34.47,40.63,6,1,13.76,intermediate,meat,53
929,2023-11-06,240,7,23.02,39.23,0,0,10.32,intermediate,dairy,19.96
930,2023-01-27,157,10,10.06,62.95,4,0,16.97,Intermediate,dairy,24.28
931,2023-08-16,376,15,18.09,68.57,2,0,35.89,Beginner,meat,47.73
932,2023-05-14,336,11,30.63,73.18,6,0,33.62,intermediate,meat,45.42
933,2022-05-19,356,13,60,80.64,3,0,44.15,intermediate,meat,50.39
934,2022-03-04,363,11,10.78,34.1,4,0,11.93,EXPERT,meat,37.71
935,2023-04-17,257,19,10.03,80.65,0,0,18.77,EXPERT,grains,28.12
937,2022-05-09,315,14,12.06,58.38,0,0,10.24,Beginner,meat,31.2
938,2022-02-10,154,15,24.68,54.77,3,0,40.84,nan,vegetables,30.74
939,2023-06-05,499,19,15.59,62.63,0,0,15.49,Intermediate,meat,47.99
941,2022-02-01,148,16,27.57,69.05,1,0,41.18,Beginner,meat,53.01
942,2022-03-06,305,11,32.74,32.77,6,0,29.51,Beginner,meat,38.21
943,2024-03-23,441,14,24.66,60.4,5,0,48.29,nan,meat,58.31
944,2022-01-15,4590,8,19.42,69.32,5,0,8.94,Beginner,meat,170.35
945,2022-06-06,151,9,11.02,85.77,0,0,22.74,intermediate,meat,35.92
946,2022-02-10,154,15,24.86,54.77,3,0,40.84,nan,vegetables,30.74
947,2023-05-08,389,8,15.68,76.25,0,0,48.18,EXPERT,dairy,43.53
948,2023-01-15,287,12,29.99,86.23,6,0,12.98,nan,vegetables,34.46
950,2024-02-03,221,15,14.17,46.29,5,0,31.05,EXPERT,dairy,43.37
951,2022-08-05,367,7,20.13,62.55,4,0,44.76,Beginner,grains,52.07
952,2024-07-10,283,12,23.81,86.34,2,1,38.76,Beginner,dairy,59.01
953,2024-03-02,402,11,19.29,39.54,5,0,25.07,intermediate,meat,40.62
954,2022-02-22,415,10,31.36,80.37,1,0,26.34,Beginner,dairy,50.9
955,2024-05-28,437,13,28,30.69,1,0,31.22,nan,vegetables,49.66
956,2022-12-04,470,8,28.98,73.54,6,1,24.82,EXPERT,dairy,66.95
957,2024-01-19,242,6,26.96,42.21,4,1,37.16,EXPERT,meat,54.8
958,2023-12-21,447,17,12.65,45.32,3,0,39.17,nan,meat,47.26
959,2023-12-26,216,5,20.85,51.86,1,0,22.02,Beginner,vegetables,34.68
960,2022-10-23,332,16,12.83,64.98,6,1,13.16,intermediate,dairy,48.77
961,2023-12-03,190,7,14.51,70.77,6,0,36.35,EXPERT,meat,31.27
962,2022-09-09,197,5,23.5,40.04,4,0,35.26,intermediate,grains,36.25
963,2023-12-28,157,14,23.95,82.77,3,0,23.59,Beginner,meat,30.12
964,2023-04-07,449,11,18.34,84.43,4,0,40.33,EXPERT,vegetables,55.04
965,2023-04-01,104,16,14.76,85.85,5,0,8.71,intermediate,vegetables,23.12
966,2022-09-28,407,17,24.5,56.65,2,0,14.35,intermediate,dairy,41.7
967,2024-03-26,276,19,29.56,30.96,1,0,35.63,EXPERT,meat,43.85
968,2024-05-12,211,11,32.05,50.01,6,0,18.78,Intermediate,dairy,29.37
969,2022-09-27,298,16,34.33,58.44,1,0,32.79,Beginner,meat,47.98
970,2022-01-24,291,8,14.89,75.79,0,1,31.65,Intermediate,grains,53.91
971,2022-07-21,264,19,18.98,71.69,3,0,42.12,EXPERT,vegetables,52.02
972,2022-06-11,336,16,26.26,70.26,5,0,49.8,nan,meat,62.62
973,2023-07-10,277,6,22.12,64.09,0,0,34.74,Intermediate,meat,44.34
974,2023-12-31,259,14,32.04,79.6,6,0,8.25,EXPERT,meat,25.55
975,2023-02-06,254,5,23.92,44.53,0,0,14.38,Intermediate,dairy,22.75
976,2023-12-04,301,12,11.35,43.49,0,0,46.58,EXPERT,dairy,53.09
977,2023-04-22,374,19,13,40.97,5,0,8.79,EXPERT,meat,31.41
979,2024-02-11,127,12,15.64,38.98,6,0,36.11,nan,vegetables,31.89
981,2023-07-20,429,14,27.29,39.14,3,0,9.74,intermediate,grains,36.81
982,2023-01-25,322,19,23.16,31.47,2,0,18.9,nan,vegetables,32.7
983,2022-01-02,448,16,10.13,56.13,6,0,29.89,intermediate,grains,53.2
985,2022-02-13,230,17,30.8,31.08,6,0,29.8,Intermediate,vegetables,36.81
986,2023-07-16,367,10,11.87,79.79,6,1,21.94,intermediate,grains,46.74
987,2024-07-20,150,14,-10,86.38,5,1,23.1,intermediate,vegetables,47.44
988,2022-03-22,369,10,15.09,80.29,1,0,48.49,intermediate,meat,52.76
989,2022-07-25,271,5,15.89,53.96,0,0,29.43,Beginner,grains,32.7
990,2022-02-04,287,13,11.87,40.14,4,0,9.16,Beginner,dairy,22.99
991,2024-07-31,111,19,23,35.06,2,0,20.58,intermediate,grains,22.37
992,2024-02-15,327,10,24.98,31.24,3,0,13.57,EXPERT,meat,33.68
993,2023-05-24,175,7,19.93,37.54,2,0,26.1,EXPERT,meat,33.93
994,2023-03-04,242,7,26.9,68.23,5,0,7.45,nan,grains,20.19
995,2023-03-31,207,6,21.42,34.96,4,1,41.56,Intermediate,vegetables,56.54
996,2022-02-07,274,8,26.93,43.6,0,0,39.54,Intermediate,dairy,49.14
997,2023-01-02,145,6,23.08,73.98,0,0,32.52,nan,meat,36.97
998,2022-04-02,437,15,21.55,61.51,5,1,41.71,nan,grains,79.93
999,2022-12-06,121,11,23.56,57.36,1,0,46.04,nan,meat,44.78
1000,2024-06-16,372,17,31.55,65.72,6,0,38.75,Intermediate,meat,49.35
1002,2022-12-12,150,7,13.72,89.77,0,0,45.86,Beginner,dairy,39.13
1003,2024-02-16,291,13,25.05,46.14,4,1,46.27,intermediate,vegetables,55.47
1004,2022-08-30,346,11,18.98,53.15,1,1,39.05,intermediate,vegetables,62.05
1006,2022-11-12,448,19,33.14,57.51,5,0,37.89,Intermediate,meat,63.98
1007,2023-08-24,198,17,26.15,71.41,3,0,41.36,EXPERT,dairy,37.58
1008,2023-01-23,117,5,30.39,46.82,0,0,22.44,EXPERT,meat,37.55
1009,2022-10-01,437,19,18.57,35.29,5,0,19.94,EXPERT,meat,50.82
1010,2022-06-16,112,10,28.61,87.24,3,0,32.81,EXPERT,dairy,34.31
1011,2024-04-20,359,13,10.91,78.98,5,0,19.66,Intermediate,meat,32.08
1012,2022-01-21,443,17,20.81,42.93,4,0,19.32,nan,dairy,39.76
1013,2023-10-09,478,19,33.56,88.02,0,0,10.34,Intermediate,vegetables,44.82
1014,2024-03-29,198,9,15.64,77.85,4,0,24.29,EXPERT,grains,41.3
1015,2023-04-30,226,6,16.43,89.97,6,0,49.4,EXPERT,meat,46.88
1016,2022-02-12,419,15,11.95,58.74,5,0,15.17,Intermediate,dairy,35.57
1017,2023-05-20,168,11,24.36,75.24,5,0,49.16,Intermediate,meat,46.99
1018,2024-04-11,182,9,11.43,87.69,3,0,23.82,EXPERT,grains,30.49
1019,2022-09-01,302,18,25.14,65.76,3,1,12.47,nan,meat,49.76
1020,2023-07-21,142,14,25.45,83.97,4,0,29.92,intermediate,meat,35.22
1021,2024-05-25,393,14,34.18,49.52,5,0,36.83,Beginner,grains,50.28
1022,2023-07-17,422,15,29.57,66.37,0,0,30.68,Intermediate,vegetables,45.66
1023,2022-01-26,260,10,30.17,75.55,2,0,21.41,nan,vegetables,29.9
1024,2023-11-18,464,9,33.21,67.32,5,0,10.21,Beginner,dairy,44.96
1025,2024-08-15,449,6,29.96,84.69,3,0,18.05,nan,vegetables,37.54
1026,2022-07-09,324,13,22.62,65.92,5,0,47.09,Beginner,meat,60.63
1027,2024-09-02,313,7,30.57,53.85,0,0,28.98,EXPERT,meat,34.78
1028,2023-12-01,281,18,28.7,87.38,4,1,38.56,Beginner,grains,56.33
1029,2023-05-26,243,17,25.7,88.48,4,0,46.5,EXPERT,meat,54.54
1030,2023-04-20,219,10,21.87,45.25,3,0,5.23,Intermediate,meat,28.3
1031,2024-05-06,153,12,29.3,55.83,0,0,28.31,nan,grains,38.31
1032,2024-01-18,113,7,28.97,42.03,3,0,31.17,intermediate,meat,32.4
1033,2022-09-10,297,10,10.85,88.32,5,1,12.64,EXPERT,meat,44.56
1034,2022-01-22,393,6,31,51.62,5,0,27.01,Intermediate,vegetables,40.95
1035,2023-04-05,464,16,34.89,81.99,2,0,46.68,intermediate,dairy,58.58
1036,2022-10-04,366,8,13.32,31.86,1,0,33.25,Intermediate,vegetables,42.55
1037,2024-08-13,338,17,30.51,79.1,1,0,43.17,Intermediate,meat,48.37
1039,2024-03-16,338,9,33.76,37.13,5,0,22.12,EXPERT,meat,34.75
1040,2022-12-10,329,10,30.34,78.4,5,0,19.36,Intermediate,dairy,43.91
1041,2024-02-09,415,11,28.09,75.75,4,0,8.92,nan,meat,41.32
1042,2022-05-11,198,6,18.95,58.18,2,0,18.3,EXPERT,grains,25.53
1043,2024-05-21,202,9,14.78,76.86,1,0,41.52,intermediate,meat,42.89
1044,2022-03-29,395,18,17.35,45.14,1,0,40.55,Intermediate,grains,50.37
1045,2022-11-27,483,11,24.91,59.49,6,0,36.47,intermediate,dairy,43.07
1046,2023-04-12,243,11,28.87,70.51,2,0,19.77,Intermediate,meat,29.63
1048,2022-02-14,406,10,19.06,55.29,0,0,28.56,EXPERT,meat,44.62
1049,2024-05-10,350,6,23.71,51.35,4,0,46.79,intermediate,vegetables,57.07
